alert_id,patient_id,patient_name,decline_start_date,alert_date,duration_days,domains_affected,composite_score,severity,mobility_delta,nutrition_delta,participation_delta,explanation,status,created_at,trust_level,data_quality_summary
ALT_P002_20260903,P002,Bob Smith,2026-09-03,2026-09-05,3,Mobility,0.224,LOW,-5.0,2.3,5.1,"Mobility: z-score -1.12 (-5.0% from mean), 3 consecutive declining observation(s).. Composite score: 0.224.",ACTIVE,2026-09-29 11:51:04,HIGH_CONFIDENCE,All data is current and sufficient — normal assessment.
ALT_P003_20260908,P003,Carol Wilson,2026-09-08,2026-09-10,3,"Mobility, Nutrition",0.65,HIGH,-4.8,-10.9,-3.9,"Mobility: z-score -1.23 (-4.8% from mean), 1 consecutive declining observation(s).; Nutrition: z-score -1.84 (-10.9% from mean), 3 consecutive declining observation(s).. Composite score: 0.650.",ACTIVE,2026-09-29 11:51:06,HIGH_CONFIDENCE,All data is current and sufficient — normal assessment.
ALT_P004_20260913,P004,David Brown,2026-09-13,2026-09-15,3,"Nutrition, Participation",0.534,HIGH,4.5,-7.5,-15.4,"Nutrition: z-score -1.56 (-7.5% from mean), 1 consecutive declining observation(s).; Participation: z-score -2.00 (-15.4% from mean), 3 consecutive declining observation(s).. Composite score: 0.534.",ACTIVE,2026-09-29 11:51:09,HIGH_CONFIDENCE,All data is current and sufficient — normal assessment.
ALT_P005_20260724,P005,Emma Davis,2026-07-24,2026-07-26,3,Nutrition,0.332,LOW,-3.0,-7.0,5.5,"Nutrition: z-score -1.40 (-7.0% from mean), 3 consecutive declining observation(s).. Composite score: 0.332.",ACTIVE,2026-09-29 11:51:09,HIGH_CONFIDENCE,All data is current and sufficient — normal assessment.
ALT_P006_20260806,P006,Frank Miller,2026-08-06,2026-08-08,3,"Mobility, Nutrition, Participation",0.932,HIGH,-12.1,-10.7,-11.1,"Mobility: z-score -1.68 (-12.1% from mean), 1 consecutive declining observation(s).; Nutrition: z-score -1.97 (-10.7% from mean), 3 consecutive declining observation(s).; Participation: z-score -2.17 (-11.1% from mean) — significant deviation.. Composite score: 0.932.",ACTIVE,2026-09-29 11:51:10,HIGH_CONFIDENCE,All data is current and sufficient — normal assessment.
ALT_P008_20260809,P008,Henry Anderson,2026-08-09,2026-08-11,3,Mobility,0.389,MEDIUM,-8.4,-2.5,6.2,"Mobility: z-score -1.59 (-8.4% from mean), 3 consecutive declining observation(s).. Composite score: 0.389.",ACTIVE,2026-09-29 11:51:14,HIGH_CONFIDENCE,All data is current and sufficient — normal assessment.
ALT_P009_20260714,P009,Isabel Garcia,2026-07-14,2026-07-16,3,Mobility,0.329,LOW,-3.7,-4.4,5.1,"Mobility: z-score -1.02 (-3.7% from mean), 3 consecutive declining observation(s).. Composite score: 0.329.",ACTIVE,2026-09-29 11:51:14,HIGH_CONFIDENCE,All data is current and sufficient — normal assessment.
ALT_P010_20260923,P010,Jack Thompson,2026-09-23,2026-09-25,3,"Mobility, Participation",0.603,HIGH,-9.4,0.3,-8.7,"Mobility: z-score -1.66 (-9.4% from mean), 1 consecutive declining observation(s).; Participation: z-score -1.81 (-8.7% from mean), 3 consecutive declining observation(s).. Composite score: 0.603.",ACTIVE,2026-09-29 11:51:17,HIGH_CONFIDENCE,All data is current and sufficient — normal assessment.
ALT_P011_20260922,P011,Karen White,2026-09-22,2026-09-24,3,"Nutrition, Participation",0.42,MEDIUM,0.4,-6.1,-6.7,"Nutrition: z-score -1.64 (-6.1% from mean), 1 consecutive declining observation(s).; Participation: z-score -1.17 (-6.7% from mean), 3 consecutive declining observation(s).. Composite score: 0.420.",ACTIVE,2026-09-29 11:51:19,HIGH_CONFIDENCE,All data is current and sufficient — normal assessment.
ALT_P012_20260927,P012,Luke Martinez,2026-09-27,2026-09-29,3,Mobility,0.431,MEDIUM,-21.0,-0.1,-0.8,Mobility: z-score -2.40 (-21.0% from mean) — significant deviation.. Composite score: 0.431.,ACTIVE,2026-09-29 11:51:22,HIGH_CONFIDENCE,All data is current and sufficient — normal assessment.
ALT_P014_20260816,P014,Nathan Clark,2026-08-16,2026-08-18,3,"Nutrition, Participation",0.59,HIGH,-1.3,-13.0,-9.4,"Nutrition: z-score -1.93 (-13.0% from mean), 3 consecutive declining observation(s).; Participation: z-score -1.76 (-9.4% from mean), 1 consecutive declining observation(s).. Composite score: 0.590.",ACTIVE,2026-09-29 11:51:26,HIGH_CONFIDENCE,All data is current and sufficient — normal assessment.
ALT_P016_20260803,P016,Paul Walker,2026-08-03,2026-08-05,3,Mobility,0.21,LOW,-5.3,1.5,2.4,"Mobility: z-score -1.05 (-5.3% from mean), 3 consecutive declining observation(s).. Composite score: 0.210.",ACTIVE,2026-09-29 11:51:29,HIGH_CONFIDENCE,All data is current and sufficient — normal assessment.
ALT_P018_20260922,P018,Rachel Young,2026-09-22,2026-09-24,3,Participation,0.332,LOW,-4.7,3.4,-6.4,"Participation: z-score -1.03 (-6.4% from mean), 3 consecutive declining observation(s).. Composite score: 0.332.",ACTIVE,2026-09-29 11:51:33,HIGH_CONFIDENCE,All data is current and sufficient — normal assessment.
ALT_P019_20260810,P019,Samuel King,2026-08-10,2026-08-12,3,"Mobility, Nutrition",0.528,HIGH,-45.0,-40.5,-45.5,"Mobility: z-score -1.07 (-45.0% from mean), 3 consecutive declining observation(s).; Nutrition: z-score -1.10 (-40.5% from mean), 2 consecutive declining observation(s).. Composite score: 0.528.",ACTIVE,2026-09-29 11:51:35,HIGH_CONFIDENCE,All data is current and sufficient — normal assessment.
ALT_P021_20260729,P021,Victor Adams,2026-07-29,2026-07-31,3,Mobility,0.214,LOW,-7.0,-0.3,1.3,"Mobility: z-score -1.03 (-7.0% from mean), 3 consecutive declining observation(s).. Composite score: 0.214.",ACTIVE,2026-09-29 11:51:38,HIGH_CONFIDENCE,All data is current and sufficient — normal assessment.
ALT_P023_20260909,P023,Xavier Scott,2026-09-09,2026-09-11,3,Mobility,0.4,MEDIUM,-10.1,0.2,8.0,Mobility: z-score -2.18 (-10.1% from mean) — significant deviation.. Composite score: 0.400.,ACTIVE,2026-09-29 11:51:43,HIGH_CONFIDENCE,All data is current and sufficient — normal assessment.
